section,field,metric,value
meta,,total_records,13
numeric,COVID_VACCINE_ADM_1D,min,0.0
numeric,COVID_VACCINE_ADM_1D,max,203.0
numeric,COVID_VACCINE_ADM_1D,mean,86.15384615384616
numeric,COVID_VACCINE_COV_1D,min,0.0
numeric,COVID_VACCINE_COV_1D,max,0.008324114
numeric,COVID_VACCINE_COV_1D,mean,0.0037768445000000003
numeric,POPULATION,min,3893.0
numeric,POPULATION,max,18981.0
numeric,POPULATION,mean,11437.0
categorical,COUNTRY,AND,13
categorical,DATE,2024-04-01,5
categorical,DATE,2024-07-01,4
categorical,DATE,2024-10-01,4
categorical,GROUP,ad_chronic,3
categorical,GROUP,hcw,3
categorical,GROUP,old,3
categorical,GROUP,other,1
categorical,GROUP,all,3
categorical,QUARTER,1,5
categorical,QUARTER,2,4
categorical,QUARTER,3,4
categorical,YEAR,2024,13
